[
    {
        "product_id": 65,
        "cat_id": "8",
        "brand_id": "3",
        "title": "Sedan BMW wite",
        "description": "The BMW 3 Series sedan boasts sleek lines and a dynamic silhouette, capturing attention with its aerodynamic design. Its luxurious interior is meticulously crafted with premium materials, providing unparalleled comfort and refinement for both driver and passengers. Cutting-edge technology and intuitive features enhance the driving experience, offering seamless connectivity and advanced safety systems. Under the hood, the BMW 3 Series delivers impressive power and efficiency, delivering a thrilling driving experience with every journey.",
        "price": "120",
        "img1": "Sedan BMW.jpg",
        "img2": "",
        "img3": "",
        "keywords": "Luxury, sophistication, elegance, performance, comfort, refinement, technology, connectivity, safety, aerodynamic design, premium materials, dynamic driving experience, efficiency, white exterior.",
        "stock": 26,
        "date": "2024-05-30 21:31:19",
        "seats": -2
    },
    {
        "product_id": 66,
        "cat_id": "8",
        "brand_id": "3",
        "title": "Sedan BMW lifgt blue",
        "description": "The BMW 3 Series sedan boasts sleek lines and a dynamic silhouette, capturing attention with its aer",
        "price": "125",
        "img1": "Sedan BMW.webp",
        "img2": "",
        "img3": "",
        "keywords": "Luxury, sophistication, elegance, performance, comfort, refinement, technology, connectivity, safety, aerodynamic design, premium materials, dynamic driving experience, efficiency, white exterior.",
        "stock": "23",
        "date": "2024-06-02",
        "seats": -2
    },
    {
        "product_id": 67,
        "cat_id": "8",
        "brand_id": "1",
        "title": "Sedan Ford Grey",
        "description": "The Ford Fusion sedan features a contemporary design characterized by clean lines and a refined profile, projecting confidence on the road. Its spacious interior provides ample room for passengers and cargo, ensuring comfort and convenience on long journeys. Equipped with advanced technology and intuitive infotainment systems, the Ford Fusion keeps drivers connected and entertained throughout their travels. Safety is paramount, with a suite of driver-assist features designed to enhance awareness and mitigate risks on the road. Underneath its stylish exterior, the Ford Fusion delivers efficient performance and responsive handling, making it a practical and enjoyable choice for daily commuting or weekend adventures.",
        "price": "110",
        "img1": "sedan Ford 2.webp",
        "img2": "",
        "img3": "",
        "keywords": "Sedan Ford Grey, Style, efficiency, versatility, understated elegance, modernity, spacious interior, comfort, convenience, advanced technology, infotainment, safety, driver-assist features, performance, responsive handling, practicality, grey exterior.",
        "stock": "30",
        "date": "2024-05-30 21:34:05",
        "seats": -2
    },
    {
        "product_id": 68,
        "cat_id": "8",
        "brand_id": "1",
        "title": "Sedan Ford Silver",
        "description": "Model: LB329\r\nAerodynamic design, fuel efficiency, sound-deadening materials, ergonomic seating, SYN",
        "price": "113",
        "img1": "Sedan ford.webp",
        "img2": "",
        "img3": "",
        "keywords": "Aerodynamic design, fuel efficiency, sound-deadening materials, ergonomic seating, SYNC infotainment, lane-keeping assist, adaptive cruise control, hybrid options.",
        "stock": "25",
        "date": "2024-06-02",
        "seats": -2
    },
    {
        "product_id": 71,
        "cat_id": "7",
        "brand_id": "3",
        "title": "SUV BMW",
        "description": "Jinba Ittai, dynamic driving experience, precision, agility, KODO design, flowing lines, sculpted curves, energy, elegance, refined interior, premium materials, intuitive technology, comfort, connectivity.",
        "price": "170",
        "img1": "SUV BMW.jpeg",
        "img2": "",
        "img3": "",
        "keywords": "Car SUV BMW",
        "stock": "24",
        "date": "2024-05-30 21:40:59",
        "seats": -2
    },
    {
        "product_id": 72,
        "cat_id": "7",
        "brand_id": "3",
        "title": "SUV BMW Black",
        "description": "Car SUV BMW Final Edition",
        "price": "170",
        "img1": "SUV BMW.jpg",
        "img2": "",
        "img3": "",
        "keywords": "Car SUV BMW",
        "stock": "33",
        "date": "2024-05-30 21:41:41",
        "seats": -2
    },
    {
        "product_id": 73,
        "cat_id": "7",
        "brand_id": "1",
        "title": "SUV Ford Car",
        "description": "Car SUV ford",
        "price": "150",
        "img1": "SUV Ford 2.jpg",
        "img2": "",
        "img3": "",
        "keywords": "Car SUV ford",
        "stock": "32",
        "date": "2024-05-30 21:42:28",
        "seats": -2
    },
    {
        "product_id": 74,
        "cat_id": "7",
        "brand_id": "1",
        "title": "Car SUV ford",
        "description": "Car SUV ford",
        "price": "160",
        "img1": "SUV Ford.jpg",
        "img2": "",
        "img3": "",
        "keywords": "Car SUV ford",
        "stock": "22",
        "date": "2024-05-30 21:42:56",
        "seats": -2
    },
    {
        "product_id": 75,
        "cat_id": "7",
        "brand_id": "2",
        "title": "Car SUV Mazda",
        "description": "Car SUV Mazda",
        "price": "179",
        "img1": "SUV Mazda.jpg",
        "img2": "",
        "img3": "",
        "keywords": "Car SUV Mazda",
        "stock": "34",
        "date": "2024-05-30 21:43:32",
        "seats": -2
    },
    {
        "product_id": 76,
        "cat_id": "9",
        "brand_id": "3",
        "title": "Car Wagon BMW RED",
        "description": "Car Wagon BMW RED",
        "price": "200",
        "img1": "Wagon BMW.jpg",
        "img2": "",
        "img3": "",
        "keywords": "Car Wagon BMW RED",
        "stock": "22",
        "date": "2024-05-30 21:44:16",
        "seats": -2
    },
    {
        "product_id": 77,
        "cat_id": "8",
        "brand_id": "3",
        "title": "BMW teal",
        "description": "BMW",
        "price": "111",
        "img1": "Sedan BMW.webp",
        "img2": "",
        "img3": "",
        "keywords": "BMW",
        "stock": "23",
        "date": "2024-06-02",
        "seats": -2
    },
    {
        "product_id": 78,
        "cat_id": "7",
        "brand_id": "1",
        "title": "Suborno",
        "description": "sdfsfs",
        "price": "23",
        "img1": "Capture.PNG",
        "img2": "",
        "img3": "",
        "keywords": "werwr",
        "stock": "23",
        "date": "2024-06-02",
        "seats": -2
    }
]